GROUP,PACKAGE,CLASS,INSTRUCTION_MISSED,INSTRUCTION_COVERED,BRANCH_MISSED,BRANCH_COVERED,LINE_MISSED,LINE_COVERED,COMPLEXITY_MISSED,COMPLEXITY_COVERED,METHOD_MISSED,METHOD_COVERED
backend,org.uteq.backend.futbol.config,FootballApiConfig,0,32,0,0,0,9,0,2,0,2
backend,org.uteq.backend.futbol.config,FootballApiProperties,0,27,0,0,0,1,0,1,0,1
backend,org.uteq.backend.futbol.dto.externo,StandingsExternoDto,0,12,0,0,0,1,0,1,0,1
backend,org.uteq.backend.futbol.dto.externo,StandingsExternoDto.StandingGroupExterno,0,9,0,0,0,1,0,1,0,1
backend,org.uteq.backend.futbol.dto.externo,StandingsExternoDto.TeamStandingExterno,0,33,0,0,0,1,0,1,0,1
backend,org.uteq.backend.futbol.dto.externo,StandingsExternoDto.CompetitionExterno,0,9,0,0,0,1,0,1,0,1
backend,org.uteq.backend.futbol.dto.externo,StandingsExternoDto.SeasonExterno,0,9,0,0,0,1,0,1,0,1
backend,org.uteq.backend.futbol.dto.externo,StandingsExternoDto.TeamExterno,0,9,0,0,0,1,0,1,0,1
backend,org.uteq.backend.deportivo.entrenador.entity,Entrenador,18,0,2,0,6,0,3,0,2,0
backend,org.uteq.backend.deportivo.entrenador.dto,EntrenadorResponse,0,45,0,0,0,1,0,1,0,1
backend,org.uteq.backend.deportivo.entrenador.dto,EntrenadorRequest,0,18,0,0,0,1,0,1,0,1
backend,org.uteq.backend.deportivo.entrenador.dto,EntrenadorPageResponse,0,18,0,0,0,1,0,1,0,1
backend,org.uteq.backend.seguridad.usuario.dto,UsuarioPageResponse,0,18,0,0,0,1,0,1,0,1
backend,org.uteq.backend.seguridad.usuario.dto,UsuarioResponse,0,36,0,0,0,1,0,1,0,1
backend,org.uteq.backend.seguridad.usuario.dto,UsuarioRequest,0,15,0,0,0,1,0,1,0,1
backend,org.uteq.backend.seguridad.auth.controller,AuthController,160,278,17,5,34,75,17,9,7,8
backend,org.uteq.backend.seguridad.persona.controller,PersonaController,13,29,0,0,2,6,2,4,2,4
backend,org.uteq.backend.seguridad.persona.entity,Persona,18,0,2,0,6,0,3,0,2,0
backend,org.uteq.backend.seguridad.usuario.service,UsuarioService,113,156,4,2,15,41,8,8,6,7
backend,org.uteq.backend.common.exception,GlobalExceptionHandler,58,98,0,0,16,26,3,7,3,7
backend,org.uteq.backend.common.exception,RecursoNoEncontradoException,0,5,0,0,0,2,0,1,0,1
backend,org.uteq.backend.common.exception,ProblemDetailsAuthHandlers,56,14,0,0,12,4,3,4,3,4
backend,org.uteq.backend.common.exception,ApiExternaException,0,11,0,0,0,4,0,2,0,2
backend,org.uteq.backend.common.exception,ApiExternaException.Motivo,0,39,0,0,0,7,0,1,0,1
backend,org.uteq.backend.common.exception,ApiException,0,26,0,0,0,8,0,3,0,3
backend,org.uteq.backend.common.exception,TooManyRequestsException,5,0,0,0,2,0,1,0,1,0
backend,org.uteq.backend.futbol.client,FootballDataClient,30,116,0,4,8,29,0,6,0,4
backend,org.uteq.backend.seguridad.persona.service,PersonaService,41,213,3,9,3,56,6,12,3,9
backend,org.uteq.backend.config,RedisCacheConfig,0,62,0,0,0,19,0,2,0,2
backend,org.uteq.backend.config,SecurityConfig,0,189,0,0,0,31,0,10,0,10
backend,org.uteq.backend.deportivo.categoria.service,CategoriaService,17,159,2,4,1,42,4,10,2,9
backend,org.uteq.backend.academico.estudiante.service,EstudianteService,132,358,14,18,12,84,23,12,10,9
backend,org.uteq.backend.deportivo.categoria.controller,CategoriaController,6,33,0,0,1,6,1,5,1,5
backend,org.uteq.backend.deportivo.entrenador.service,EntrenadorService,64,168,0,4,8,47,5,8,5,6
backend,org.uteq.backend.seguridad.usuario.controller,UsuarioController,13,23,0,0,2,5,2,3,2,3
backend,org.uteq.backend.seguridad.estado.dto,EstadoGeneralResponse,0,9,0,0,0,1,0,1,0,1
backend,org.uteq.backend.academico.estudiante.controller,EstudianteController,2,76,2,2,0,14,2,7,0,7
backend,org.uteq.backend.academico.estudiante.dto,EstudianteRequest,0,24,0,0,0,1,0,1,0,1
backend,org.uteq.backend.academico.estudiante.dto,EstudianteResponse,0,36,0,0,0,1,0,1,0,1
backend,org.uteq.backend.academico.estudiante.dto,EstudiantePageResponse,0,18,0,0,0,1,0,1,0,1
backend,org.uteq.backend.deportivo.entrenador.controller,EntrenadorController,13,21,0,0,2,4,2,3,2,3
backend,org.uteq.backend.common.dto,ApiResponse,0,27,0,0,0,2,0,2,0,2
backend,org.uteq.backend.futbol.service,FutbolService,22,431,9,17,7,67,9,16,0,12
backend,org.uteq.backend.seguridad.auth.dto,RefreshTokenRequest,6,0,0,0,1,0,1,0,1,0
backend,org.uteq.backend.seguridad.auth.dto,LoginRequest,0,9,0,0,0,1,0,1,0,1
backend,org.uteq.backend.seguridad.auth.dto,RegisterRequest,0,24,0,0,0,1,0,1,0,1
backend,org.uteq.backend.seguridad.estado.controller,EstadoGeneralController,0,5,0,0,0,1,0,1,0,1
backend,org.uteq.backend.futbol.controller,FutbolController,0,6,0,0,0,1,0,1,0,1
backend,org.uteq.backend.seguridad.auth.security,JwtService,0,145,2,4,0,34,2,13,0,12
backend,org.uteq.backend.seguridad.auth.security,RedisBlacklistService,0,32,0,2,0,7,0,4,0,3
backend,org.uteq.backend.seguridad.auth.security,UserDetailsServiceImpl,58,0,4,0,15,0,5,0,3,0
backend,org.uteq.backend.seguridad.auth.security,LoginAttemptService,0,51,1,7,0,9,1,6,0,3
backend,org.uteq.backend.seguridad.auth.security,JwtAuthenticationFilter,131,0,24,0,33,0,14,0,2,0
backend,org.uteq.backend.seguridad.usuario.entity,Usuario,18,0,2,0,6,0,3,0,2,0
backend,org.uteq.backend.deportivo.categoria.dto,CategoriaResponse,0,24,0,0,0,1,0,1,0,1
backend,org.uteq.backend.deportivo.categoria.dto,CategoriaPageResponse,3,0,0,0,1,0,1,0,1,0
backend,org.uteq.backend.deportivo.categoria.dto,CategoriaRequest,0,15,0,0,0,1,0,1,0,1
backend,org.uteq.backend.futbol.dto,TablaPosicionesDto,0,15,0,0,0,1,0,1,0,1
backend,org.uteq.backend.futbol.dto,StandingDto,0,36,0,0,0,1,0,1,0,1
backend,org.uteq.backend.seguridad.persona.dto,PersonaRequest,0,24,0,0,0,1,0,1,0,1
backend,org.uteq.backend.seguridad.persona.dto,PersonaResponse,0,33,0,0,0,1,0,1,0,1
backend,org.uteq.backend.seguridad.estado.service,EstadoGeneralService,0,18,0,0,0,6,0,2,0,2
backend,org.uteq.backend,BackendApplication,5,3,0,0,2,1,1,1,1,1
